--
-- PostgreSQL database dump
--

-- Dumped from database version 10.10
-- Dumped by pg_dump version 10.10

SET statement_timeout = 0;
SET lock_timeout = 0;
SET idle_in_transaction_session_timeout = 0;
SET client_encoding = 'UTF8';
SET standard_conforming_strings = on;
SELECT pg_catalog.set_config('search_path', '', false);
SET check_function_bodies = false;
SET xmloption = content;
SET client_min_messages = warning;
SET row_security = off;

--
-- Name: plpgsql; Type: EXTENSION; Schema: -; Owner: 
--

CREATE EXTENSION IF NOT EXISTS plpgsql WITH SCHEMA pg_catalog;


--
-- Name: EXTENSION plpgsql; Type: COMMENT; Schema: -; Owner: 
--

COMMENT ON EXTENSION plpgsql IS 'PL/pgSQL procedural language';


SET default_tablespace = '';

SET default_with_oids = false;

--
-- Name: AspNetRoleClaims; Type: TABLE; Schema: public; Owner: postgres
--

CREATE TABLE public."AspNetRoleClaims" (
    "Id" integer NOT NULL,
    "RoleId" text NOT NULL,
    "ClaimType" text,
    "ClaimValue" text
);


ALTER TABLE public."AspNetRoleClaims" OWNER TO postgres;

--
-- Name: AspNetRoleClaims_Id_seq; Type: SEQUENCE; Schema: public; Owner: postgres
--

ALTER TABLE public."AspNetRoleClaims" ALTER COLUMN "Id" ADD GENERATED BY DEFAULT AS IDENTITY (
    SEQUENCE NAME public."AspNetRoleClaims_Id_seq"
    START WITH 1
    INCREMENT BY 1
    NO MINVALUE
    NO MAXVALUE
    CACHE 1
);


--
-- Name: AspNetRoles; Type: TABLE; Schema: public; Owner: postgres
--

CREATE TABLE public."AspNetRoles" (
    "Id" text NOT NULL,
    "Name" character varying(256),
    "NormalizedName" character varying(256),
    "ConcurrencyStamp" text
);


ALTER TABLE public."AspNetRoles" OWNER TO postgres;

--
-- Name: AspNetUserClaims; Type: TABLE; Schema: public; Owner: postgres
--

CREATE TABLE public."AspNetUserClaims" (
    "Id" integer NOT NULL,
    "UserId" text NOT NULL,
    "ClaimType" text,
    "ClaimValue" text
);


ALTER TABLE public."AspNetUserClaims" OWNER TO postgres;

--
-- Name: AspNetUserClaims_Id_seq; Type: SEQUENCE; Schema: public; Owner: postgres
--

ALTER TABLE public."AspNetUserClaims" ALTER COLUMN "Id" ADD GENERATED BY DEFAULT AS IDENTITY (
    SEQUENCE NAME public."AspNetUserClaims_Id_seq"
    START WITH 1
    INCREMENT BY 1
    NO MINVALUE
    NO MAXVALUE
    CACHE 1
);


--
-- Name: AspNetUserLogins; Type: TABLE; Schema: public; Owner: postgres
--

CREATE TABLE public."AspNetUserLogins" (
    "LoginProvider" text NOT NULL,
    "ProviderKey" text NOT NULL,
    "ProviderDisplayName" text,
    "UserId" text NOT NULL
);


ALTER TABLE public."AspNetUserLogins" OWNER TO postgres;

--
-- Name: AspNetUserRoles; Type: TABLE; Schema: public; Owner: postgres
--

CREATE TABLE public."AspNetUserRoles" (
    "UserId" text NOT NULL,
    "RoleId" text NOT NULL
);


ALTER TABLE public."AspNetUserRoles" OWNER TO postgres;

--
-- Name: AspNetUserTokens; Type: TABLE; Schema: public; Owner: postgres
--

CREATE TABLE public."AspNetUserTokens" (
    "UserId" text NOT NULL,
    "LoginProvider" text NOT NULL,
    "Name" text NOT NULL,
    "Value" text
);


ALTER TABLE public."AspNetUserTokens" OWNER TO postgres;

--
-- Name: AspNetUsers; Type: TABLE; Schema: public; Owner: postgres
--

CREATE TABLE public."AspNetUsers" (
    "Id" text NOT NULL,
    "UserName" character varying(256),
    "NormalizedUserName" character varying(256),
    "Email" character varying(256),
    "NormalizedEmail" character varying(256),
    "EmailConfirmed" boolean NOT NULL,
    "PasswordHash" text,
    "SecurityStamp" text,
    "ConcurrencyStamp" text,
    "PhoneNumber" text,
    "PhoneNumberConfirmed" boolean NOT NULL,
    "TwoFactorEnabled" boolean NOT NULL,
    "LockoutEnd" timestamp with time zone,
    "LockoutEnabled" boolean NOT NULL,
    "AccessFailedCount" integer NOT NULL,
    "Year" integer NOT NULL
);


ALTER TABLE public."AspNetUsers" OWNER TO postgres;

--
-- Name: ContactsPodvedPodrz; Type: TABLE; Schema: public; Owner: postgres
--

CREATE TABLE public."ContactsPodvedPodrz" (
    "Id" integer NOT NULL,
    "Name" text NOT NULL,
    "Director" text NOT NULL,
    "Address" text NOT NULL,
    "Contacts" text NOT NULL,
    "Phone" text,
    "Fax" text,
    "Email" text,
    "Desc" text,
    "Lang" integer NOT NULL
);


ALTER TABLE public."ContactsPodvedPodrz" OWNER TO postgres;

--
-- Name: ContactsPodvedPodrz_Id_seq; Type: SEQUENCE; Schema: public; Owner: postgres
--

ALTER TABLE public."ContactsPodvedPodrz" ALTER COLUMN "Id" ADD GENERATED BY DEFAULT AS IDENTITY (
    SEQUENCE NAME public."ContactsPodvedPodrz_Id_seq"
    START WITH 1
    INCREMENT BY 1
    NO MINVALUE
    NO MAXVALUE
    CACHE 1
);


--
-- Name: Departments; Type: TABLE; Schema: public; Owner: postgres
--

CREATE TABLE public."Departments" (
    "Id" integer NOT NULL,
    "Name" text NOT NULL,
    "Director" text NOT NULL,
    "Address" text NOT NULL,
    "Contacts" text NOT NULL,
    "Phone" text NOT NULL,
    "Fax" text NOT NULL,
    "Email" text NOT NULL,
    "Lang" integer NOT NULL
);


ALTER TABLE public."Departments" OWNER TO postgres;

--
-- Name: Departments_Id_seq; Type: SEQUENCE; Schema: public; Owner: postgres
--

ALTER TABLE public."Departments" ALTER COLUMN "Id" ADD GENERATED BY DEFAULT AS IDENTITY (
    SEQUENCE NAME public."Departments_Id_seq"
    START WITH 1
    INCREMENT BY 1
    NO MINVALUE
    NO MAXVALUE
    CACHE 1
);


--
-- Name: EducationList; Type: TABLE; Schema: public; Owner: postgres
--

CREATE TABLE public."EducationList" (
    "Id" integer NOT NULL,
    "Name" text NOT NULL,
    "Spesialnost" text NOT NULL,
    "Years" integer NOT NULL,
    "ResumeId" integer NOT NULL,
    "Desc" text,
    "Lang" integer NOT NULL
);


ALTER TABLE public."EducationList" OWNER TO postgres;

--
-- Name: EducationList_Id_seq; Type: SEQUENCE; Schema: public; Owner: postgres
--

ALTER TABLE public."EducationList" ALTER COLUMN "Id" ADD GENERATED BY DEFAULT AS IDENTITY (
    SEQUENCE NAME public."EducationList_Id_seq"
    START WITH 1
    INCREMENT BY 1
    NO MINVALUE
    NO MAXVALUE
    CACHE 1
);


--
-- Name: Kollegia; Type: TABLE; Schema: public; Owner: postgres
--

CREATE TABLE public."Kollegia" (
    "Id" integer NOT NULL,
    "Name" text NOT NULL,
    "Positions" text NOT NULL,
    "Desc" text,
    "Lang" integer NOT NULL
);


ALTER TABLE public."Kollegia" OWNER TO postgres;

--
-- Name: Kollegia_Id_seq; Type: SEQUENCE; Schema: public; Owner: postgres
--

ALTER TABLE public."Kollegia" ALTER COLUMN "Id" ADD GENERATED BY DEFAULT AS IDENTITY (
    SEQUENCE NAME public."Kollegia_Id_seq"
    START WITH 1
    INCREMENT BY 1
    NO MINVALUE
    NO MAXVALUE
    CACHE 1
);


--
-- Name: ListOfResources; Type: TABLE; Schema: public; Owner: postgres
--

CREATE TABLE public."ListOfResources" (
    "Id" integer NOT NULL,
    "Name" text NOT NULL,
    "Links" text NOT NULL,
    "Desc" text,
    "Lang" integer NOT NULL
);


ALTER TABLE public."ListOfResources" OWNER TO postgres;

--
-- Name: ListOfResources_Id_seq; Type: SEQUENCE; Schema: public; Owner: postgres
--

ALTER TABLE public."ListOfResources" ALTER COLUMN "Id" ADD GENERATED BY DEFAULT AS IDENTITY (
    SEQUENCE NAME public."ListOfResources_Id_seq"
    START WITH 1
    INCREMENT BY 1
    NO MINVALUE
    NO MAXVALUE
    CACHE 1
);


--
-- Name: Myzei; Type: TABLE; Schema: public; Owner: postgres
--

CREATE TABLE public."Myzei" (
    "Id" integer NOT NULL,
    "Name" text NOT NULL,
    "MyzeiCategoryId" integer NOT NULL,
    "God" text,
    "FactYear" text,
    "Desc" text,
    "Lang" integer NOT NULL
);


ALTER TABLE public."Myzei" OWNER TO postgres;

--
-- Name: MyzeiCategory; Type: TABLE; Schema: public; Owner: postgres
--

CREATE TABLE public."MyzeiCategory" (
    "Id" integer NOT NULL,
    "Name" text NOT NULL,
    "Desc" text,
    "Lang" integer NOT NULL
);


ALTER TABLE public."MyzeiCategory" OWNER TO postgres;

--
-- Name: MyzeiCategory_Id_seq; Type: SEQUENCE; Schema: public; Owner: postgres
--

ALTER TABLE public."MyzeiCategory" ALTER COLUMN "Id" ADD GENERATED BY DEFAULT AS IDENTITY (
    SEQUENCE NAME public."MyzeiCategory_Id_seq"
    START WITH 1
    INCREMENT BY 1
    NO MINVALUE
    NO MAXVALUE
    CACHE 1
);


--
-- Name: MyzeiZdanie; Type: TABLE; Schema: public; Owner: postgres
--

CREATE TABLE public."MyzeiZdanie" (
    "Id" integer NOT NULL,
    "Name" text NOT NULL,
    "Profil" text NOT NULL,
    "Oblast" text NOT NULL,
    "TipZdania" text NOT NULL,
    "Desc" text,
    "Lang" integer NOT NULL
);


ALTER TABLE public."MyzeiZdanie" OWNER TO postgres;

--
-- Name: MyzeiZdanie_Id_seq; Type: SEQUENCE; Schema: public; Owner: postgres
--

ALTER TABLE public."MyzeiZdanie" ALTER COLUMN "Id" ADD GENERATED BY DEFAULT AS IDENTITY (
    SEQUENCE NAME public."MyzeiZdanie_Id_seq"
    START WITH 1
    INCREMENT BY 1
    NO MINVALUE
    NO MAXVALUE
    CACHE 1
);


--
-- Name: Myzei_Id_seq; Type: SEQUENCE; Schema: public; Owner: postgres
--

ALTER TABLE public."Myzei" ALTER COLUMN "Id" ADD GENERATED BY DEFAULT AS IDENTITY (
    SEQUENCE NAME public."Myzei_Id_seq"
    START WITH 1
    INCREMENT BY 1
    NO MINVALUE
    NO MAXVALUE
    CACHE 1
);


--
-- Name: Obrashenie; Type: TABLE; Schema: public; Owner: postgres
--

CREATE TABLE public."Obrashenie" (
    "Id" integer NOT NULL,
    "Theme" text,
    "FIO" text,
    "Email" text,
    "Message" text,
    "CreateDate" timestamp without time zone NOT NULL
);


ALTER TABLE public."Obrashenie" OWNER TO postgres;

--
-- Name: Obrashenie_Id_seq; Type: SEQUENCE; Schema: public; Owner: postgres
--

ALTER TABLE public."Obrashenie" ALTER COLUMN "Id" ADD GENERATED BY DEFAULT AS IDENTITY (
    SEQUENCE NAME public."Obrashenie_Id_seq"
    START WITH 1
    INCREMENT BY 1
    NO MINVALUE
    NO MAXVALUE
    CACHE 1
);


--
-- Name: Otdel; Type: TABLE; Schema: public; Owner: postgres
--

CREATE TABLE public."Otdel" (
    "Id" integer NOT NULL,
    "Name" text NOT NULL,
    "Desc" text,
    "Lang" integer NOT NULL
);


ALTER TABLE public."Otdel" OWNER TO postgres;

--
-- Name: OtdelDetali; Type: TABLE; Schema: public; Owner: postgres
--

CREATE TABLE public."OtdelDetali" (
    "Id" integer NOT NULL,
    "Name" text NOT NULL,
    "OtdelId" integer NOT NULL,
    "PositionsId" integer NOT NULL,
    "WorkPhone" text,
    "Phone" text,
    "Fax" text,
    "Email" text,
    "Lang" integer NOT NULL
);


ALTER TABLE public."OtdelDetali" OWNER TO postgres;

--
-- Name: OtdelDetali_Id_seq; Type: SEQUENCE; Schema: public; Owner: postgres
--

ALTER TABLE public."OtdelDetali" ALTER COLUMN "Id" ADD GENERATED BY DEFAULT AS IDENTITY (
    SEQUENCE NAME public."OtdelDetali_Id_seq"
    START WITH 1
    INCREMENT BY 1
    NO MINVALUE
    NO MAXVALUE
    CACHE 1
);


--
-- Name: Otdel_Id_seq; Type: SEQUENCE; Schema: public; Owner: postgres
--

ALTER TABLE public."Otdel" ALTER COLUMN "Id" ADD GENERATED BY DEFAULT AS IDENTITY (
    SEQUENCE NAME public."Otdel_Id_seq"
    START WITH 1
    INCREMENT BY 1
    NO MINVALUE
    NO MAXVALUE
    CACHE 1
);


--
-- Name: Positions; Type: TABLE; Schema: public; Owner: postgres
--

CREATE TABLE public."Positions" (
    "Id" integer NOT NULL,
    "Name" text NOT NULL,
    "Desc" text,
    "Lang" integer NOT NULL
);


ALTER TABLE public."Positions" OWNER TO postgres;

--
-- Name: Positions_Id_seq; Type: SEQUENCE; Schema: public; Owner: postgres
--

ALTER TABLE public."Positions" ALTER COLUMN "Id" ADD GENERATED BY DEFAULT AS IDENTITY (
    SEQUENCE NAME public."Positions_Id_seq"
    START WITH 1
    INCREMENT BY 1
    NO MINVALUE
    NO MAXVALUE
    CACHE 1
);


--
-- Name: Resume; Type: TABLE; Schema: public; Owner: postgres
--

CREATE TABLE public."Resume" (
    "Id" integer NOT NULL,
    "Name" text NOT NULL,
    "LastName" text NOT NULL,
    "FirstName" text NOT NULL,
    "PatronomicName" text,
    "BirthDay" timestamp without time zone NOT NULL,
    "BirthPlace" text NOT NULL,
    "Nation" text NOT NULL,
    "Citizen" text NOT NULL,
    "Education" text NOT NULL,
    "Languages" text NOT NULL,
    "Desc" text,
    "Lang" integer NOT NULL
);


ALTER TABLE public."Resume" OWNER TO postgres;

--
-- Name: Resume_Id_seq; Type: SEQUENCE; Schema: public; Owner: postgres
--

ALTER TABLE public."Resume" ALTER COLUMN "Id" ADD GENERATED BY DEFAULT AS IDENTITY (
    SEQUENCE NAME public."Resume_Id_seq"
    START WITH 1
    INCREMENT BY 1
    NO MINVALUE
    NO MAXVALUE
    CACHE 1
);


--
-- Name: WorkList; Type: TABLE; Schema: public; Owner: postgres
--

CREATE TABLE public."WorkList" (
    "Id" integer NOT NULL,
    "Termine" text NOT NULL,
    "OrgName" text NOT NULL,
    "Positions" text NOT NULL,
    "ResumeId" integer NOT NULL,
    "Desc" text,
    "Lang" integer NOT NULL
);


ALTER TABLE public."WorkList" OWNER TO postgres;

--
-- Name: WorkList_Id_seq; Type: SEQUENCE; Schema: public; Owner: postgres
--

ALTER TABLE public."WorkList" ALTER COLUMN "Id" ADD GENERATED BY DEFAULT AS IDENTITY (
    SEQUENCE NAME public."WorkList_Id_seq"
    START WITH 1
    INCREMENT BY 1
    NO MINVALUE
    NO MAXVALUE
    CACHE 1
);


--
-- Name: __EFMigrationsHistory; Type: TABLE; Schema: public; Owner: postgres
--

CREATE TABLE public."__EFMigrationsHistory" (
    "MigrationId" character varying(150) NOT NULL,
    "ProductVersion" character varying(32) NOT NULL
);


ALTER TABLE public."__EFMigrationsHistory" OWNER TO postgres;

--
-- Data for Name: AspNetRoleClaims; Type: TABLE DATA; Schema: public; Owner: postgres
--

COPY public."AspNetRoleClaims" ("Id", "RoleId", "ClaimType", "ClaimValue") FROM stdin;
\.


--
-- Data for Name: AspNetRoles; Type: TABLE DATA; Schema: public; Owner: postgres
--

COPY public."AspNetRoles" ("Id", "Name", "NormalizedName", "ConcurrencyStamp") FROM stdin;
\.


--
-- Data for Name: AspNetUserClaims; Type: TABLE DATA; Schema: public; Owner: postgres
--

COPY public."AspNetUserClaims" ("Id", "UserId", "ClaimType", "ClaimValue") FROM stdin;
\.


--
-- Data for Name: AspNetUserLogins; Type: TABLE DATA; Schema: public; Owner: postgres
--

COPY public."AspNetUserLogins" ("LoginProvider", "ProviderKey", "ProviderDisplayName", "UserId") FROM stdin;
\.


--
-- Data for Name: AspNetUserRoles; Type: TABLE DATA; Schema: public; Owner: postgres
--

COPY public."AspNetUserRoles" ("UserId", "RoleId") FROM stdin;
\.


--
-- Data for Name: AspNetUserTokens; Type: TABLE DATA; Schema: public; Owner: postgres
--

COPY public."AspNetUserTokens" ("UserId", "LoginProvider", "Name", "Value") FROM stdin;
\.


--
-- Data for Name: AspNetUsers; Type: TABLE DATA; Schema: public; Owner: postgres
--

COPY public."AspNetUsers" ("Id", "UserName", "NormalizedUserName", "Email", "NormalizedEmail", "EmailConfirmed", "PasswordHash", "SecurityStamp", "ConcurrencyStamp", "PhoneNumber", "PhoneNumberConfirmed", "TwoFactorEnabled", "LockoutEnd", "LockoutEnabled", "AccessFailedCount", "Year") FROM stdin;
\.


--
-- Data for Name: ContactsPodvedPodrz; Type: TABLE DATA; Schema: public; Owner: postgres
--

COPY public."ContactsPodvedPodrz" ("Id", "Name", "Director", "Address", "Contacts", "Phone", "Fax", "Email", "Desc", "Lang") FROM stdin;
1	Ruk	Максат Дамир уулу	 	Заместитель  министра - директор департамента туризма	+996 312 62 18 71	\N	\N	Rukovodstvo	1
2	Ruk	Кадырбеков Нуржигит Кадырбекович	 	Приемная заместителя министра	+996 312 62 26 79	\N	\N	Rukovodstvo	1
3	Ruk	Иманалиев Кайрат Олжобаевич	 	Приемная заместителя министра	+996 312 62 60 08	\N	\N	Rukovodstvo	1
4	Ruk	Секимов Бактыбек Шайыкбекович	 	Приемная статс-секретаря	+996 312 62 06 13	\N	\N	Rukovodstvo	1
5	Ruk	Жаманкулов Азамат Капарович	 	Приемная министра	+996 312 62 04 82	\N	\N	Rukovodstvo	1
6	Ruk	Максат Дамир уулу	 	Министрдин орун басары, Туризм департаментинин директорунун кабылдамасы	+996 312 62 18 71	\N	\N	Rukovodstvo	2
7	Ruk	Кадырбеков Нуржигит Кадырбекович	 	Министрдин орун басарынын кабылдамасы	+996 312 62 26 79	\N	\N	Rukovodstvo	2
8	Ruk	Иманалиев Кайрат Олжобаевич	 	Министрдин орун басарынын кабылдамасы	+996 312 62 60 08	\N	\N	Rukovodstvo	2
9	Ruk	Секимов Бактыбек Шайыкбекович	 	Статс- катчынын кабылдамасы	+996 312 62 06 13	\N	\N	Rukovodstvo	2
10	Ruk	Жаманкулов Азамат Капарович	 	Министрдин кабылдамасы	+996 312 62 04 82	\N	\N	Rukovodstvo	2
11	Кыргыз Республикасынын Маданият, маалымат жана туризм министрлигине караштуу Туризм департаменти	Максат Дамир уулу   	Бишкек ш.  Киев көч. 96 «б».	Мүдүрдүн кабылдамасы	+996 312 62 18 61	+996 312 62 18 61	tourism.department@mail.ru	Podved	2
12	Кыргыз Республикасынын Маданият, маалымат жана туризм министрлигине караштуу Маалымат жана массалык коммуникациялар департаменти 	Сарногоева Салкын Сатаровна  	Бишкек ш. Пушкин көч. 78.	Мүдүрдүн кабылдамасы	+996 312 66 03 32	+996 312 66 03 32	depinfokg@mail.ru	Podved	2
13	Кыргыз Республикасынын Маданият, маалымат жана туризм министрлигине караштуу Кинематография департаменти 	Бектеналиев Мукталы Абдыбекович 	Бишкек ш. Логвиненко көч. 13.	Мүдүрдүн кабылдамасы	 +996 312 30 10 46	+996 312 30 02 65	goskinokg@mail.ru	Podved	2
14	Департамент туризма  при Министерстве культуры информации и туризма Кыргызской Республики  	Максат Дамир уулу   	Бишкек, ул. Киевская 96 «б»/	Приемная директора 	+996 312 62 18 61	+996 312 62 18 61	tourism.department@mail.ru	Podved	1
15	Департамент информации и массовых коммуникаций  при Министерстве культуры информации и туризма Кыргызской Республики 	Сарногоева Салкын Сатаровна  	г. Бишкек ул.Пушкина 78.	Приемная директора 	+996 312 66 03 32	+996 312 66 03 32	depinfokg@mail.ru	Podved	1
16	Департамент кинематография при Министерстве культуры информации и туризма Кыргызской Республики 	Бектеналиев Мукталы Абдыбекович 	г. Бишкек ул.Логвиненко 13.	Приемная директора	 +996 312 30 10 46	+996 312 30 02 65	goskinokg@mail.ru	Podved	1
\.


--
-- Data for Name: Departments; Type: TABLE DATA; Schema: public; Owner: postgres
--

COPY public."Departments" ("Id", "Name", "Director", "Address", "Contacts", "Phone", "Fax", "Email", "Lang") FROM stdin;
1	Департамент кинематография при Министерстве культуры информации итуризма Кыргызской Республики	Бектеналиев Мукталы Абдыбекович 	г. Бишкек ул.Логвиненко 13.	Приемная директора	+996 312 30 10 46	+996 312 30 02 65	goskinokg@mail.ru	1
2	Кыргыз Республикасынын Маданият, маалымат жана туризм министрлигине караштуу Кинематография департаменти	Бектеналиев Мукталы Абдыбекович 	Бишкек ш. Логвиненко көч. 13.	Мүдүрдүн кабылдамасы	+996 312 30 10 46	+996 312  30 02 65	goskinokg@mail.ru	2
3	Департамент информации и массовых коммуникаций  при Министерстве культуры информации и туризма Кыргызской Республики  	Сарногоева Салкын Сатаровна  	г. Бишкек ул.Пушкина 78.	Приемная директора 	+996 312 66 03 32	+996 312 66 03 32	depinfokg@mail.ru	1
4	Кыргыз Республикасынын Маданият, маалымат жана туризм министрлигине караштуу Маалымат жана массалык коммуникациялар департаменти 	Сарногоева Салкын Сатаровна  	Бишкек ш. Пушкин көч. 78.	Мүдүрдүн кабылдамасы	+996 312 66 03 32	+996 312 66 03 32	depinfokg@mail.ru	2
5	Департамент туризма  при Министерстве культуры информации и туризма Кыргызской Республики  	Максат Дамир уулу   	Бишкек, ул. Киевская 96 «б»/	Приемная директора 	+996 312 62 18 61	+996 312 62 18 61	tourism.department@mail.ru	1
6	Кыргыз Республикасынын Маданият, маалымат жана туризм министрлигине караштуу Туризм департаменти 	Максат Дамир уулу   	Бишкек ш.  Киев көч. 96 «б».	Мүдүрдүн кабылдамасы	+996 312 62 18 61	+996 312 62 18 61	tourism.department@mail.ru	2
\.


--
-- Data for Name: EducationList; Type: TABLE DATA; Schema: public; Owner: postgres
--

COPY public."EducationList" ("Id", "Name", "Spesialnost", "Years", "ResumeId", "Desc", "Lang") FROM stdin;
1	Международный Университет Кыргызстана 	Финансы	2011	2	\N	1
2	Кыргызско-Турецкий  Университет « Манас» 	Менеджмент в организации	2008	2	\N	1
3	Кыргызстан эл аралык университетин	Финансы	2011	1	\N	2
4	Кыргыз мамлекеттик улуттук университети	журналистика факультети	2008	3	\N	2
5	Кыргыз мамлекеттик улуттук университети	магистратурасы	2008	3	\N	2
6	Международный Университет Кыргызстана 	Финансы	2011	2	\N	1
7	Кыргызско-Турецкий  Университет « Манас» 	Менеджмент в организации	2008	2	\N	1
8	Кыргызстан эл аралык университетин	Финансы	2011	1	\N	2
9	Кыргыз–Түрк “Манас” университети	Мекемедеги менеджмент	2008	1	\N	2
\.


--
-- Data for Name: Kollegia; Type: TABLE DATA; Schema: public; Owner: postgres
--

COPY public."Kollegia" ("Id", "Name", "Positions", "Desc", "Lang") FROM stdin;
1	Турапова Керимберди Ырысалиевича	народного артиста Кыргызской Республики, генерального директора Кыргызского национального академического театра оперы и балета имени Абдыласа Малдыбаева (распоряжением Премьер -министра)	\N	1
2	Кадырбеков Нуржигит Кадырбекович	Заместитель министра (входят в состав по должности )	\N	1
3	Иманалиев Кайрат Олжобаевич	Заместитель министра (входят в состав по должности )	\N	1
4	Дамир уулу Максат	Заместитель министра – директор Департамента туризма при МКИТ КР(входят в состав по должности)	\N	1
5	Бектеналиев Мукталы Абдыбекович	Директор Департамента кинематографии при МКИТ КР (входят в состав по должности)	\N	1
6	Сарногоева Салкын Сатаровна	Директор Департамента информации и массовых коммуникаций при МКИТ КР (входят в состав по должности)	\N	1
7	Джангазиев Айбек Мусаевич	Директор Национальной киностудии «Кыргызфильм» им.Толомуша Океева(распоряжением Премьер - министра)	\N	1
8	Секимов Бактыбек Шайыкбекович	Статс-секретарь (входят в состав по должности )	\N	1
9	Алмакучуков Кенешбек Мукашевич	Директор Национального исторического музея Кыргызской Республики; (распоряжением Премьер - министра)	\N	1
10	Мекешова Назгүл Барктабасовна	Эксперт отдела образования, культуры и спорта Аппарата Правительства КР; (распоряжением Премьер - министра) 	\N	1
11	Усубалиев Таалайбек Сыдыманович	Председатель Союза художников Кыргызской Республики. (распоряжением Премьер -министра)	\N	1
12	Бегалиев Муратбек Акимович	Народный артист Кыргызской Республики, ректор Кыргызской национальной консерватории им. Калыя Молдобасанова (распоряжением Премьер -министра)	\N	1
13	Кулмамбетов Жаныш Осмонович	председателя Союза театральных деятелей Кыргызской Республики (распоряжением Премьер -министра)	\N	1
14	Бакашова Жылдыз Кемеловна	Директор Национальной библиотеки Кыргызской Республики им.Алыкула Осмонова (распоряжением Премьер -министра)	\N	1
15	Акматалиев Абдылдажан Амантурович	академика, директора института языка и литературы имени Чынгыза Айтматова при Национальной академии наук Кыргызской Республики	\N	1
16	Осмонов Кыргызбай Арапбаевич	Генеральный директор Кыргызской национальной филармонии имени Т.Сатылганова; (распоряжением Премьер -министра)	\N	1
17	Жаманкулов Азамат Капарович	Министр (входит в состав по должности )	\N	1
\.


--
-- Data for Name: ListOfResources; Type: TABLE DATA; Schema: public; Owner: postgres
--

COPY public."ListOfResources" ("Id", "Name", "Links", "Desc", "Lang") FROM stdin;
1	Союз Композиторов Кыргызской Республики	<a href='http://www.kompozitor.kg/' target='_blank'>	\N	1
2	Официальный сайт Правительства КР	<a href='https://www.gov.kg/ky?lang=kg&page_id=27290' target='_blank'>	\N	1
3	Кыргыз Республикасынын Жогорку Кеңеши 	<a href='http://kenesh.kg/' target='_blank'>	\N	1
4	Официальный сайт Президента Кыргызской Республики	<a href='http://www.president.kg/ru' target='_blank'>	\N	1
\.


--
-- Data for Name: Myzei; Type: TABLE DATA; Schema: public; Owner: postgres
--

COPY public."Myzei" ("Id", "Name", "MyzeiCategoryId", "God", "FactYear", "Desc", "Lang") FROM stdin;
3	Фольклерно-этнографический музей  имени  А.  Усонбаева Манаского района	4	1540	2019	\N	1
4	Ак- Таалинский районный исторический музей 	4	2969	2019	\N	1
5	Джумгальский районный историко-этнографический музей 	4	5432	2019	\N	1
6	Кочкорский районный историко-краеведческий музей 	4	2849	2019	\N	1
7	Ноокенский историко-этнографический музей им. А. Кулумбетова	4	1234	2019	\N	1
8	Кадамжайский районный музей имени Абдыкадыра Орозбекова	4		2019	\N	1
9	Лейлекский районный музейный комплекс	4		2019	\N	1
10	Ала-Букинский районный историко-этнографический  музей	4		2019	\N	1
11	Ноокенский районный историко-этнографический музей им. А.Кулумбетова	4		2019	\N	1
12	Аксыйский районный историко-этнографический музей имени Женижок	4		2019	\N	1
13	Историко-этнографический музей Тогуз-Тороуского района	4		2019	\N	1
14	Мемориальный дом-музей Т.Сатылганова Токтогульского района	4		2019	\N	1
15	Музей Жоомарта Боконбаева  Токтогульского района	4		2019	\N	1
17	Музей  Абды Суеркулова Токтогульского района	4		2019	\N	1
18	Исторический музей Кулатов	5		2019	\N	1
19	Дом музей им. Барпы Алыкулова	5		2019	\N	1
20	Историко-краеведческий музей с.Казарман	5		2019	\N	1
21	Исторический музей им.Алыш Койчуманова	5		2019	\N	1
22	Музей им. Мидин Алыбаев	5		2019	\N	1
23	Музей им.Куйручук	5		2019	\N	1
24	музей им.Ч.Айтматова	5		2019	\N	1
25	Историко-краеведческий музей  Ак-Суйский района	4	1356	2019	\N	1
26	Мемориальный музей им.Ч.Тулебердиева с.Чолпонбай	5		2019	\N	1
27	Музей Боевой славы	5		2019	\N	1
28	Музей “Историко”	5		2019	\N	1
29	Историко-краеведческий музей К.Жетимишбаева с.Оргочор	5		2019	\N	1
30	Историко-краеведческий музей Ш.Баатыра	5		2019	\N	1
31	Мемориальный музей А.Осмонова	5		2019	\N	1
32	Сельский музей Зулпуев	5		2019	\N	1
33	Музей изобразительного искусства им.Т.Герцена  с.Ак-Добо	5		2019	\N	1
34	Дом музей имени Токубай Тайгараев	5		2019	\N	1
35	Мемориальный музей имени У.Салиева (филиал Сулайман-Тоо) Ноокатского района	4		2019	\N	1
36	Историко-этнографический музей Ноокатского района	4	973	2019	\N	1
37	К.Карасаева-Н.М.Пржевальский музейно-мемориальный комплекс  города Каракол	2		2019	\N	1
38	Историко-краеведческий музей города Балыкчы	2		2019	\N	1
39	Историко-краеведческий музей города Каракол	2		2019	\N	1
40	Историко-краеведческий музей города Токмок	2	7049	2019	\N	1
41	Геологический музей г.Бишкек	2		2019	\N	1
42	Зоологический музей г.Бишкек	2	более 5 тысячи минералов	2019	\N	1
43	Музей скульптуры под открытым небом г. Бишкек	2	90	2019	\N	1
44	Музей литературы и искусства Т.Сатылганова г.Бишкек	2	4899	2019	\N	1
45	Мемориальный дом-музей С.Чуйкова г.Бишкек	2	969	2019	\N	1
46	Мемориальный дом-музей И.Раззакова г.Бишкек	2	860	2019	\N	1
47	Мемориальный дом-музей А.Токонбаева г.Бишкек	2		2019	\N	1
49	Государственный историко-культурный музей-запаведник «Шах-Фазиль»	1	20	2019	\N	1
50	Центр кочевой цивилизации «Курманжан Датка»	1	968	2019	\N	1
51	Кыргызский национальный комплекс «Манас  Ордо»	1	858	2019	\N	1
52	Национальный историко-археологический музейный комплекс  «Сулайман-Тоо»	1	32097	2019	\N	1
53	Национальный историко-мемориальный комплекс Ата-Бейит	1	30	2019	\N	1
54	Историко-этнографический музей Курманджан Датка  Алайского района	4	2097	2019	\N	1
55	Мемориальный  музей  Алыкула Осмонова Панфиловского района	4		2019	\N	1
56	Мемориальный дом-музей Суракан Кайназаровой  Сокулукского района	4		2019	\N	1
57	Нарынский областной историко-этнографический музей	3		2019	\N	1
59	Ошский музей изобразительных искусств	3		2019	\N	1
1	Джалал-Абадский государственный краевический музей	2		2019	\N	1
2	Историко-краеведческий музей имени Калена Жетимишбаева Жети-Огузского района	4	5396	2019	\N	1
16	Музей Коргол  Досу уулу  Токтогульского района	4		2019	\N	1
48	Мемориальный дом-музей О.Мануйловой г.Бишкек	2	1438	2019	\N	1
58	Ыссык-Кульский государственный историко-культурный музей-заповедник	3	12357	2019	\N	1
60	Музей колхоза «Россия»  (филиал Сулайман-Тоо) Ноокатского района	4	2601	2019	\N	1
61	Музей  «Слава» им.С.Садыкова города Исфана	2		2019	\N	1
62	Историко-краеведческий музей  города Сулюкта	2		2019	\N	1
63	Кызыл-Кийский городской историко-краеведческий музей	2		2019	\N	1
64	Кыргызский национальный исторический музей	1	106073	2019	\N	1
65	Кыргызский национальный музей изобразительных искусств им.Г.Айтиева	1	18048	2019	\N	1
66	Кыргызский государственный мемориальный дом-музей М.В.Фрунзе	1	13338	2019	\N	1
67	Республиканский археолого-архитектурный музей-комплекс башня «Бурана»	1	4889	2019	\N	1
68	Историко-краеведческий музей города Исфана	2		2019	\N	1
69	Исторический музей с.Кулунду	5		2019	\N	1
\.


--
-- Data for Name: MyzeiCategory; Type: TABLE DATA; Schema: public; Owner: postgres
--

COPY public."MyzeiCategory" ("Id", "Name", "Desc", "Lang") FROM stdin;
1	Сельские музеи	\N	1
2	Районные музеи	\N	1
3	Областные музеи 	\N	1
4	Городские музеи 	\N	1
5	Музеи республиканского значения	\N	1
\.


--
-- Data for Name: MyzeiZdanie; Type: TABLE DATA; Schema: public; Owner: postgres
--

COPY public."MyzeiZdanie" ("Id", "Name", "Profil", "Oblast", "TipZdania", "Desc", "Lang") FROM stdin;
1	Дом-музей О.М. Мануйловой	мемориальный	г.Бишкек	Типовой  проект	\N	1
2	Музей г.Сулюкта	исторический	Баткенская область	приспособленное	\N	1
3	Музей с.Кулунду	исторический	Баткенская область	приспособленное	\N	1
4	Музей А.Орозбекова	мемориальный	Баткенская область	реконструированное	\N	1
5	Музей Т.Сатылганова	исторический	Джалал-Абадская область	Типовой проект	\N	1
6	КорголДосулуу музей	литературный	Джалал-Абадская область	Типовой проект	\N	1
7	Дом-музей Ж.Боконбаева	мемориальный	Джалал-Абадская область	Типовой проект	\N	1
8	Дом-музей А.Суеркулова	мемориальный	Джалал-Абадская область	Типовой проект	\N	1
9	Джалал-Абадский музей	Историко-краеведческий 	Джалал-Абадская область	приспособленное	\N	1
10	Джумгальский музей	Историко-этнографический	Нарынскаяобласть	приспособленное	\N	1
11	Кочкорский музей	Историко-краеведческий	Нарынская область	Типовое реконструированное	\N	1
12	Акталинский районный музей	исторический	Нарынская область	Типовой проект	\N	1
13	Нарынский областной музей	Историко-этнографический	Нарынская область	индивидуальный проект	\N	1
14	Балыкчынский музей	Историко-краеведческий	г.Балыкчы (Иссык-Кульская область)	приспособленное	\N	1
15	Токмокский музей	Историко-краеведческий	г. Токмок	индивидуальный проект	\N	1
16	Музей М.В. Фрунзе	мемориальный	г.Бишкек	индивидуальный проект	\N	1
17	Музей им.Кулатова	исторический	Ошская область 	Реконструированноеприспособленное	\N	1
18	Музей изобразительного искусства им.Г.Айтиева	изобразительного искусства	г.Бишкек	индивидуальный проект	\N	1
19	Музей им.Раззакова	Мемориально-исторический	Баткенская область	Типовой проект	\N	1
20	Ляйлякский  районный музей 	исторический	Баткенская область	Типовой проект	\N	1
21	Центр кочевой цивилизации им.Курманжан Датка	исторический	с.Чок Тал	Индивидуальный проект	\N	1
22	Дом-музей С.А. Чуйкова	мемориальный	г.Бишкек	Приспособленное	\N	1
23	Дом – музей С. Кайназаровой	мемориальный	Чуйская область	Приспособленное	\N	1
24	Джити-огузский районный музей им.К. Джетимишбаева	исторический	Иссык-Кульская область	Типовой  проект	\N	1
25	Музей-мастерская С.Чокморова	мемориальный	г.Бишкек	Индивидуальный проект	\N	1
26	Культурно-национальный комплекс «Манас-Ордо»		Таласская область	Индивидуальный проект	\N	1
27	Национальный историко-археологический комплекс «Сулейман-Тоо»	исторический	Ошская область	Индивидуальный проект	\N	1
28	Музей им.Усенбаева	этнографический	Таласская область	Типовой  проект	\N	1
29	Государственный музей им.Ч.Тулебердиева	мемориальный	Таласская область	реконструированное	\N	1
30	Дом-музей И.Раззакова	мемориальный 	г.Бишкек	Индивидуальный проект	\N	1
31	Дом-музей А.Токомбаева	мемориальный	г.Бишкек	Типовой  проект	\N	1
32	Музей литературы и искусства им. Т.Сатылганова	мемориальный   	г.Бишкек	Типовой  проект	\N	1
33	Музейно-мемориальный комплекс К.Карасаева и Н.П. Пржевальского	мемориальный	Иссык-Кульская область	Индивидуальный проект	\N	1
34	Мемориальный комплекс «Ата-Бейит»	мемориальный	Чуйская область	Индивидуальный проект	\N	1
35	Сельский музей им.Т.Герцена	изобразительного искусства	Таласская область	Типовой проект	\N	1
36	Музей «Славы» им.С.Садыкова	мемориальный	Баткенская область	приспособленное	\N	1
37	Национальный исторический музей КР	исторический	г.Бишкек	бывший филиал Центрального музея В.И. Ленина	\N	1
\.


--
-- Data for Name: Obrashenie; Type: TABLE DATA; Schema: public; Owner: postgres
--

COPY public."Obrashenie" ("Id", "Theme", "FIO", "Email", "Message", "CreateDate") FROM stdin;
1	test	dfhgdfs	mir_bo@mail.ru	gdjhkl	0001-01-01 00:00:00
2	test	dfhgdfs	mir_bo@mail.ru	rfghjknmkl,;lk	0001-01-01 00:00:00
3	test	dfhgdfs	mir_bo@mail.ru	likgjhfgfd	0001-01-01 00:00:00
4	test	34534	mir_bo@mail.ru	xcvvbnm,jhfgd	0001-01-01 00:00:00
5	test	dfhgdfs	mir_bo@mail.ru	oigujksdfs	0001-01-01 00:00:00
6	test	dfhgdfs	mir_bo@mail.ru	sdfasdf	0001-01-01 00:00:00
7	test	324	mir_bo@mail.ru	zxcvnb	0001-01-01 00:00:00
8	test	dfhgdfs	mir_bo@mail.ru	sdafsdafas	0001-01-01 00:00:00
9	test	dfhgdfs	mir_bo@mail.ru	ывавфыафы	0001-01-01 00:00:00
10	test	dfhgdfs	mir_bo@mail.ru	sadfasdfas	0001-01-01 00:00:00
\.


--
-- Data for Name: Otdel; Type: TABLE DATA; Schema: public; Owner: postgres
--

COPY public."Otdel" ("Id", "Name", "Desc", "Lang") FROM stdin;
1	Отдел международной связи и привлечения инвестиции	\N	1
2	Отдел организационной работы, связи с общественностью и делопроизводства	\N	1
3	Отдел кадровой и правовой помощи	\N	1
4	Управления развития, культуры, искусства и профессионального образования	\N	1
5	Управления сохранения и развития культурного наследия	\N	1
6	Центральный аппарат	\N	1
7	Управления финансов и государственных закупок	\N	1
8	Отдел бухгалтерского учета  и отчетности	\N	1
9	Сектор внутренного аудита	\N	1
10		\N	1
\.


--
-- Data for Name: OtdelDetali; Type: TABLE DATA; Schema: public; Owner: postgres
--

COPY public."OtdelDetali" ("Id", "Name", "OtdelId", "PositionsId", "WorkPhone", "Phone", "Fax", "Email", "Lang") FROM stdin;
1	Максат Дамир уулу	1	4	\N	621871	\N	\N	1
2	Кадырбеков Н.К.	1	3	\N	62 60 08	\N	\N	1
3	Иманалиев К.О.	1	3	\N	622679	\N	\N	1
4	Секимов Б.Ш.	1	2	\N	620613	\N	\N	1
5	Жаманкулов А.К.	1	1	\N	62 04 82	\N	\N	1
\.


--
-- Data for Name: Positions; Type: TABLE DATA; Schema: public; Owner: postgres
--

COPY public."Positions" ("Id", "Name", "Desc", "Lang") FROM stdin;
1	Помощник министра	\N	1
2	Бухгалтер	\N	1
3	Заведущий	\N	1
4	И.о. ведущий специалист	\N	1
5	И.о.начальника	\N	1
6	Специалист	\N	1
7	Ведущий специалист	\N	1
8	Главный специалист	\N	1
9	Начальник	\N	1
10	Уполномоченный по вопросам предупреждения коррупции	\N	1
11	Пресс секретарь	\N	1
12	Приемная министра	\N	1
13	Приемная статс-секретаря	\N	1
14	Приемная заместителя министра	\N	1
15	Заместитель министра -директор департамента туризма	\N	1
16	Министр	\N	1
17	Статс-секретарь	\N	1
18	Заместитель министра	\N	1
19	Директор департамента туризма	\N	1
20	Советник министра	\N	1
21	Кассир	\N	1
22	Заведующий сектором	\N	1
\.


--
-- Data for Name: Resume; Type: TABLE DATA; Schema: public; Owner: postgres
--

COPY public."Resume" ("Id", "Name", "LastName", "FirstName", "PatronomicName", "BirthDay", "BirthPlace", "Nation", "Citizen", "Education", "Languages", "Desc", "Lang") FROM stdin;
1	МИНИСТРДИН ОРУН БАСАРЫ	ИМАНАЛИЕВ	КАЙРАТ	ОЛЖОБАЕВИЧ	1977-11-29 00:00:00	Иссык-Кульская область, Иссык-Кульский район, с. Темир	кыргыз	Кыргызской Республики	высшее	кыргызский, казахсий русский, турецкий 	\N	2
2	МИНИСТРДИН ОРУН БАСАРЫ	ИМАНАЛИЕВ	КАЙРАТ	ОЛЖОБАЕВИЧ	1977-11-29 00:00:00	Ысык-Көл облусу, Ысык-Көл району	кыргыз	Кыргыз Республикасы	жогорку	кыргыз, казак, орус, түрк	\N	2
3	Министр	ЖАМАНКУЛОВ	АЗАМАТ	КАПАРОВИЧ	1987-09-27 00:00:00	Бакай- Атинский район ,Таласской области	кыргыз	Кыргызской Республики	высшее	кыргызский, казахский, турецкий  русский, английский 	\N	1
4	Министр	ЖАМАНКУЛОВ	АЗАМАТ	КАПАРОВИЧ	1987-09-27 00:00:00	Талас облусу, Бакай - Ата району	кыргыз	Кыргыз Республикасы	жогорку	кыргыз, казак, орус, түрк, англис	\N	2
\.


--
-- Data for Name: WorkList; Type: TABLE DATA; Schema: public; Owner: postgres
--

COPY public."WorkList" ("Id", "Termine", "OrgName", "Positions", "ResumeId", "Desc", "Lang") FROM stdin;
1	2018 г. по настоящее время	Министерство культуры, информации и туризма КР	Министр	2	\N	1
2	2015-2018 г.г.	Министерство культуры, информации и туризма КР, Департамент туризма 	Заместитель министра культуры, информации и туризма КР, Директор департамента туризма 	2	\N	1
3	2015 г.	Секретариат по подготовке и проведению Вторых Всемирных Игр Кочевников	Руководитель	2	\N	1
4	2014-2015 г.г. 	Ассоциация курортов Кыргызстана	Исполнительный директор 	2	\N	1
5	2014 г.	ОФ «Всемирные Этно Игры»	Вице- президент	2	\N	1
6	2014 г.	Секретариат по подготовке и проведению Первых Всемирных Игр Кочевников	Заместитель руководителя	2	\N	1
7	2013-2014 г.г.	ОАО «Кристалл» г. Таш - Кумыр	Специалист по привлечению инвестиций - экономист 	2	\N	1
8	2011-2013г.г.	ОсОО «Риэлт Партнер»	Исполнительный директор	2	\N	1
9	2018 –ж.Учурда	Кыргыз Республикасынын Маданият, маалымат жана туризм министрлиги	Министр	1	\N	2
10	2015-2018-ж.ж.	Кыргыз Республикасынын Маданият, маалымат жана туризм министрлиги Туризм департаменти	Министрдин орун басары- Туризм департаментинин директору	1	\N	2
11	2015-ж.	Экинчи Дүйнөлүк көчмөндөр оюндарынын катчылыгы	Жетекчи	1	\N	2
12	2014-2015-ж.	Кыргызстан курортторунун асоциациясы	Вице-президент	1	\N	2
13	2014-ж.	“Дүйнөлүк этно оюндар” коомдук фонду	Вице- президент	1	\N	2
14	2014-ж.	Биринчи Дүйнөлүк көчмөндөр оюндарынын катчылыгы	Жетекчинин орун басары	1	\N	2
15	2013-2014-ж.	 “Кристалл” Ачык акционердик коому Таш-Көмүр ш.	Инвестицияларды тартуу боюнча адис- экономист	1	\N	2
16	2011-2013-ж.ж.	“Риэлт Партнер” жоопкерчилиги чектелген коому 	Аткаруучу директор	1	\N	2
\.


--
-- Data for Name: __EFMigrationsHistory; Type: TABLE DATA; Schema: public; Owner: postgres
--

COPY public."__EFMigrationsHistory" ("MigrationId", "ProductVersion") FROM stdin;
20200316090611_intsaa	3.1.1
\.


--
-- Name: AspNetRoleClaims_Id_seq; Type: SEQUENCE SET; Schema: public; Owner: postgres
--

SELECT pg_catalog.setval('public."AspNetRoleClaims_Id_seq"', 1, false);


--
-- Name: AspNetUserClaims_Id_seq; Type: SEQUENCE SET; Schema: public; Owner: postgres
--

SELECT pg_catalog.setval('public."AspNetUserClaims_Id_seq"', 1, false);


--
-- Name: ContactsPodvedPodrz_Id_seq; Type: SEQUENCE SET; Schema: public; Owner: postgres
--

SELECT pg_catalog.setval('public."ContactsPodvedPodrz_Id_seq"', 16, true);


--
-- Name: Departments_Id_seq; Type: SEQUENCE SET; Schema: public; Owner: postgres
--

SELECT pg_catalog.setval('public."Departments_Id_seq"', 6, true);


--
-- Name: EducationList_Id_seq; Type: SEQUENCE SET; Schema: public; Owner: postgres
--

SELECT pg_catalog.setval('public."EducationList_Id_seq"', 9, true);


--
-- Name: Kollegia_Id_seq; Type: SEQUENCE SET; Schema: public; Owner: postgres
--

SELECT pg_catalog.setval('public."Kollegia_Id_seq"', 17, true);


--
-- Name: ListOfResources_Id_seq; Type: SEQUENCE SET; Schema: public; Owner: postgres
--

SELECT pg_catalog.setval('public."ListOfResources_Id_seq"', 4, true);


--
-- Name: MyzeiCategory_Id_seq; Type: SEQUENCE SET; Schema: public; Owner: postgres
--

SELECT pg_catalog.setval('public."MyzeiCategory_Id_seq"', 5, true);


--
-- Name: MyzeiZdanie_Id_seq; Type: SEQUENCE SET; Schema: public; Owner: postgres
--

SELECT pg_catalog.setval('public."MyzeiZdanie_Id_seq"', 37, true);


--
-- Name: Myzei_Id_seq; Type: SEQUENCE SET; Schema: public; Owner: postgres
--

SELECT pg_catalog.setval('public."Myzei_Id_seq"', 69, true);


--
-- Name: Obrashenie_Id_seq; Type: SEQUENCE SET; Schema: public; Owner: postgres
--

SELECT pg_catalog.setval('public."Obrashenie_Id_seq"', 10, true);


--
-- Name: OtdelDetali_Id_seq; Type: SEQUENCE SET; Schema: public; Owner: postgres
--

SELECT pg_catalog.setval('public."OtdelDetali_Id_seq"', 5, true);


--
-- Name: Otdel_Id_seq; Type: SEQUENCE SET; Schema: public; Owner: postgres
--

SELECT pg_catalog.setval('public."Otdel_Id_seq"', 10, true);


--
-- Name: Positions_Id_seq; Type: SEQUENCE SET; Schema: public; Owner: postgres
--

SELECT pg_catalog.setval('public."Positions_Id_seq"', 22, true);


--
-- Name: Resume_Id_seq; Type: SEQUENCE SET; Schema: public; Owner: postgres
--

SELECT pg_catalog.setval('public."Resume_Id_seq"', 4, true);


--
-- Name: WorkList_Id_seq; Type: SEQUENCE SET; Schema: public; Owner: postgres
--

SELECT pg_catalog.setval('public."WorkList_Id_seq"', 16, true);


--
-- Name: AspNetRoleClaims PK_AspNetRoleClaims; Type: CONSTRAINT; Schema: public; Owner: postgres
--

ALTER TABLE ONLY public."AspNetRoleClaims"
    ADD CONSTRAINT "PK_AspNetRoleClaims" PRIMARY KEY ("Id");


--
-- Name: AspNetRoles PK_AspNetRoles; Type: CONSTRAINT; Schema: public; Owner: postgres
--

ALTER TABLE ONLY public."AspNetRoles"
    ADD CONSTRAINT "PK_AspNetRoles" PRIMARY KEY ("Id");


--
-- Name: AspNetUserClaims PK_AspNetUserClaims; Type: CONSTRAINT; Schema: public; Owner: postgres
--

ALTER TABLE ONLY public."AspNetUserClaims"
    ADD CONSTRAINT "PK_AspNetUserClaims" PRIMARY KEY ("Id");


--
-- Name: AspNetUserLogins PK_AspNetUserLogins; Type: CONSTRAINT; Schema: public; Owner: postgres
--

ALTER TABLE ONLY public."AspNetUserLogins"
    ADD CONSTRAINT "PK_AspNetUserLogins" PRIMARY KEY ("LoginProvider", "ProviderKey");


--
-- Name: AspNetUserRoles PK_AspNetUserRoles; Type: CONSTRAINT; Schema: public; Owner: postgres
--

ALTER TABLE ONLY public."AspNetUserRoles"
    ADD CONSTRAINT "PK_AspNetUserRoles" PRIMARY KEY ("UserId", "RoleId");


--
-- Name: AspNetUserTokens PK_AspNetUserTokens; Type: CONSTRAINT; Schema: public; Owner: postgres
--

ALTER TABLE ONLY public."AspNetUserTokens"
    ADD CONSTRAINT "PK_AspNetUserTokens" PRIMARY KEY ("UserId", "LoginProvider", "Name");


--
-- Name: AspNetUsers PK_AspNetUsers; Type: CONSTRAINT; Schema: public; Owner: postgres
--

ALTER TABLE ONLY public."AspNetUsers"
    ADD CONSTRAINT "PK_AspNetUsers" PRIMARY KEY ("Id");


--
-- Name: ContactsPodvedPodrz PK_ContactsPodvedPodrz; Type: CONSTRAINT; Schema: public; Owner: postgres
--

ALTER TABLE ONLY public."ContactsPodvedPodrz"
    ADD CONSTRAINT "PK_ContactsPodvedPodrz" PRIMARY KEY ("Id");


--
-- Name: Departments PK_Departments; Type: CONSTRAINT; Schema: public; Owner: postgres
--

ALTER TABLE ONLY public."Departments"
    ADD CONSTRAINT "PK_Departments" PRIMARY KEY ("Id");


--
-- Name: EducationList PK_EducationList; Type: CONSTRAINT; Schema: public; Owner: postgres
--

ALTER TABLE ONLY public."EducationList"
    ADD CONSTRAINT "PK_EducationList" PRIMARY KEY ("Id");


--
-- Name: Kollegia PK_Kollegia; Type: CONSTRAINT; Schema: public; Owner: postgres
--

ALTER TABLE ONLY public."Kollegia"
    ADD CONSTRAINT "PK_Kollegia" PRIMARY KEY ("Id");


--
-- Name: ListOfResources PK_ListOfResources; Type: CONSTRAINT; Schema: public; Owner: postgres
--

ALTER TABLE ONLY public."ListOfResources"
    ADD CONSTRAINT "PK_ListOfResources" PRIMARY KEY ("Id");


--
-- Name: Myzei PK_Myzei; Type: CONSTRAINT; Schema: public; Owner: postgres
--

ALTER TABLE ONLY public."Myzei"
    ADD CONSTRAINT "PK_Myzei" PRIMARY KEY ("Id");


--
-- Name: MyzeiCategory PK_MyzeiCategory; Type: CONSTRAINT; Schema: public; Owner: postgres
--

ALTER TABLE ONLY public."MyzeiCategory"
    ADD CONSTRAINT "PK_MyzeiCategory" PRIMARY KEY ("Id");


--
-- Name: MyzeiZdanie PK_MyzeiZdanie; Type: CONSTRAINT; Schema: public; Owner: postgres
--

ALTER TABLE ONLY public."MyzeiZdanie"
    ADD CONSTRAINT "PK_MyzeiZdanie" PRIMARY KEY ("Id");


--
-- Name: Obrashenie PK_Obrashenie; Type: CONSTRAINT; Schema: public; Owner: postgres
--

ALTER TABLE ONLY public."Obrashenie"
    ADD CONSTRAINT "PK_Obrashenie" PRIMARY KEY ("Id");


--
-- Name: Otdel PK_Otdel; Type: CONSTRAINT; Schema: public; Owner: postgres
--

ALTER TABLE ONLY public."Otdel"
    ADD CONSTRAINT "PK_Otdel" PRIMARY KEY ("Id");


--
-- Name: OtdelDetali PK_OtdelDetali; Type: CONSTRAINT; Schema: public; Owner: postgres
--

ALTER TABLE ONLY public."OtdelDetali"
    ADD CONSTRAINT "PK_OtdelDetali" PRIMARY KEY ("Id");


--
-- Name: Positions PK_Positions; Type: CONSTRAINT; Schema: public; Owner: postgres
--

ALTER TABLE ONLY public."Positions"
    ADD CONSTRAINT "PK_Positions" PRIMARY KEY ("Id");


--
-- Name: Resume PK_Resume; Type: CONSTRAINT; Schema: public; Owner: postgres
--

ALTER TABLE ONLY public."Resume"
    ADD CONSTRAINT "PK_Resume" PRIMARY KEY ("Id");


--
-- Name: WorkList PK_WorkList; Type: CONSTRAINT; Schema: public; Owner: postgres
--

ALTER TABLE ONLY public."WorkList"
    ADD CONSTRAINT "PK_WorkList" PRIMARY KEY ("Id");


--
-- Name: __EFMigrationsHistory PK___EFMigrationsHistory; Type: CONSTRAINT; Schema: public; Owner: postgres
--

ALTER TABLE ONLY public."__EFMigrationsHistory"
    ADD CONSTRAINT "PK___EFMigrationsHistory" PRIMARY KEY ("MigrationId");


--
-- Name: EmailIndex; Type: INDEX; Schema: public; Owner: postgres
--

CREATE INDEX "EmailIndex" ON public."AspNetUsers" USING btree ("NormalizedEmail");


--
-- Name: IX_AspNetRoleClaims_RoleId; Type: INDEX; Schema: public; Owner: postgres
--

CREATE INDEX "IX_AspNetRoleClaims_RoleId" ON public."AspNetRoleClaims" USING btree ("RoleId");


--
-- Name: IX_AspNetUserClaims_UserId; Type: INDEX; Schema: public; Owner: postgres
--

CREATE INDEX "IX_AspNetUserClaims_UserId" ON public."AspNetUserClaims" USING btree ("UserId");


--
-- Name: IX_AspNetUserLogins_UserId; Type: INDEX; Schema: public; Owner: postgres
--

CREATE INDEX "IX_AspNetUserLogins_UserId" ON public."AspNetUserLogins" USING btree ("UserId");


--
-- Name: IX_AspNetUserRoles_RoleId; Type: INDEX; Schema: public; Owner: postgres
--

CREATE INDEX "IX_AspNetUserRoles_RoleId" ON public."AspNetUserRoles" USING btree ("RoleId");


--
-- Name: IX_EducationList_ResumeId; Type: INDEX; Schema: public; Owner: postgres
--

CREATE INDEX "IX_EducationList_ResumeId" ON public."EducationList" USING btree ("ResumeId");


--
-- Name: IX_Myzei_MyzeiCategoryId; Type: INDEX; Schema: public; Owner: postgres
--

CREATE INDEX "IX_Myzei_MyzeiCategoryId" ON public."Myzei" USING btree ("MyzeiCategoryId");


--
-- Name: IX_OtdelDetali_OtdelId; Type: INDEX; Schema: public; Owner: postgres
--

CREATE INDEX "IX_OtdelDetali_OtdelId" ON public."OtdelDetali" USING btree ("OtdelId");


--
-- Name: IX_OtdelDetali_PositionsId; Type: INDEX; Schema: public; Owner: postgres
--

CREATE INDEX "IX_OtdelDetali_PositionsId" ON public."OtdelDetali" USING btree ("PositionsId");


--
-- Name: IX_WorkList_ResumeId; Type: INDEX; Schema: public; Owner: postgres
--

CREATE INDEX "IX_WorkList_ResumeId" ON public."WorkList" USING btree ("ResumeId");


--
-- Name: RoleNameIndex; Type: INDEX; Schema: public; Owner: postgres
--

CREATE UNIQUE INDEX "RoleNameIndex" ON public."AspNetRoles" USING btree ("NormalizedName");


--
-- Name: UserNameIndex; Type: INDEX; Schema: public; Owner: postgres
--

CREATE UNIQUE INDEX "UserNameIndex" ON public."AspNetUsers" USING btree ("NormalizedUserName");


--
-- Name: AspNetRoleClaims FK_AspNetRoleClaims_AspNetRoles_RoleId; Type: FK CONSTRAINT; Schema: public; Owner: postgres
--

ALTER TABLE ONLY public."AspNetRoleClaims"
    ADD CONSTRAINT "FK_AspNetRoleClaims_AspNetRoles_RoleId" FOREIGN KEY ("RoleId") REFERENCES public."AspNetRoles"("Id") ON DELETE CASCADE;


--
-- Name: AspNetUserClaims FK_AspNetUserClaims_AspNetUsers_UserId; Type: FK CONSTRAINT; Schema: public; Owner: postgres
--

ALTER TABLE ONLY public."AspNetUserClaims"
    ADD CONSTRAINT "FK_AspNetUserClaims_AspNetUsers_UserId" FOREIGN KEY ("UserId") REFERENCES public."AspNetUsers"("Id") ON DELETE CASCADE;


--
-- Name: AspNetUserLogins FK_AspNetUserLogins_AspNetUsers_UserId; Type: FK CONSTRAINT; Schema: public; Owner: postgres
--

ALTER TABLE ONLY public."AspNetUserLogins"
    ADD CONSTRAINT "FK_AspNetUserLogins_AspNetUsers_UserId" FOREIGN KEY ("UserId") REFERENCES public."AspNetUsers"("Id") ON DELETE CASCADE;


--
-- Name: AspNetUserRoles FK_AspNetUserRoles_AspNetRoles_RoleId; Type: FK CONSTRAINT; Schema: public; Owner: postgres
--

ALTER TABLE ONLY public."AspNetUserRoles"
    ADD CONSTRAINT "FK_AspNetUserRoles_AspNetRoles_RoleId" FOREIGN KEY ("RoleId") REFERENCES public."AspNetRoles"("Id") ON DELETE CASCADE;


--
-- Name: AspNetUserRoles FK_AspNetUserRoles_AspNetUsers_UserId; Type: FK CONSTRAINT; Schema: public; Owner: postgres
--

ALTER TABLE ONLY public."AspNetUserRoles"
    ADD CONSTRAINT "FK_AspNetUserRoles_AspNetUsers_UserId" FOREIGN KEY ("UserId") REFERENCES public."AspNetUsers"("Id") ON DELETE CASCADE;


--
-- Name: AspNetUserTokens FK_AspNetUserTokens_AspNetUsers_UserId; Type: FK CONSTRAINT; Schema: public; Owner: postgres
--

ALTER TABLE ONLY public."AspNetUserTokens"
    ADD CONSTRAINT "FK_AspNetUserTokens_AspNetUsers_UserId" FOREIGN KEY ("UserId") REFERENCES public."AspNetUsers"("Id") ON DELETE CASCADE;


--
-- Name: EducationList FK_EducationList_Resume_ResumeId; Type: FK CONSTRAINT; Schema: public; Owner: postgres
--

ALTER TABLE ONLY public."EducationList"
    ADD CONSTRAINT "FK_EducationList_Resume_ResumeId" FOREIGN KEY ("ResumeId") REFERENCES public."Resume"("Id") ON DELETE CASCADE;


--
-- Name: Myzei FK_Myzei_MyzeiCategory_MyzeiCategoryId; Type: FK CONSTRAINT; Schema: public; Owner: postgres
--

ALTER TABLE ONLY public."Myzei"
    ADD CONSTRAINT "FK_Myzei_MyzeiCategory_MyzeiCategoryId" FOREIGN KEY ("MyzeiCategoryId") REFERENCES public."MyzeiCategory"("Id") ON DELETE CASCADE;


--
-- Name: OtdelDetali FK_OtdelDetali_Otdel_OtdelId; Type: FK CONSTRAINT; Schema: public; Owner: postgres
--

ALTER TABLE ONLY public."OtdelDetali"
    ADD CONSTRAINT "FK_OtdelDetali_Otdel_OtdelId" FOREIGN KEY ("OtdelId") REFERENCES public."Otdel"("Id") ON DELETE CASCADE;


--
-- Name: OtdelDetali FK_OtdelDetali_Positions_PositionsId; Type: FK CONSTRAINT; Schema: public; Owner: postgres
--

ALTER TABLE ONLY public."OtdelDetali"
    ADD CONSTRAINT "FK_OtdelDetali_Positions_PositionsId" FOREIGN KEY ("PositionsId") REFERENCES public."Positions"("Id") ON DELETE CASCADE;


--
-- Name: WorkList FK_WorkList_Resume_ResumeId; Type: FK CONSTRAINT; Schema: public; Owner: postgres
--

ALTER TABLE ONLY public."WorkList"
    ADD CONSTRAINT "FK_WorkList_Resume_ResumeId" FOREIGN KEY ("ResumeId") REFERENCES public."Resume"("Id") ON DELETE CASCADE;


--
-- PostgreSQL database dump complete
--

